ID,Cities,Pincode,Office_ID
0,Jaipur,302001,office_01
1,Jaipur,302001,office_02
2,Jaipur,302001,office_03
3,Jaipur,302001,office_04
4,Jaipur,302001,office_05
5,Jaipur,302001,office_06
6,Jaipur,302001,office_07
7,Jaipur,302001,office_08
8,Jaipur,302001,office_09
9,Jaipur,302001,office_10
10,Jaipur,302001,office_11
11,Jaipur,302012,office_12
12,Jaipur,302012,office_13
13,Jaipur,302012,office_14
14,Jaipur,302012,office_15
15,Jaipur,302012,office_16
16,Jaipur,302012,office_17
17,Jaipur,302012,office_18
18,Jaipur,302012,office_19
19,Jaipur,302020,office_20
20,Jaipur,302020,office_21
21,Jaipur,302020,office_22
22,Jaipur,302020,office_23
23,Jaipur,302020,office_24
24,Jaipur,302020,office_25
25,Jaipur,302020,office_26
26,Jaipur,302020,office_27
27,Jaipur,302020,office_28
28,sikar,302029,office_29
29,sikar,302029,office_30
30,sikar,302029,office_31
31,sikar,302029,office_32
32,sikar,302029,office_33
33,sikar,302029,office_34
34,sikar,302029,office_35
35,sikar,302029,office_36
36,sikar,302029,office_37
37,sikar,302029,office_38
38,sikar,302029,office_39
39,sikar,302029,office_40
40,sikar,302041,office_41
41,sikar,302041,office_42
42,sikar,302041,office_43
43,sikar,302041,office_44
44,sikar,302041,office_45
45,sikar,302041,office_46
46,sikar,302041,office_47
47,sikar,302041,office_48
48,sikar,302041,office_49
49,sikar,302050,office_50
50,sikar,302050,office_51
51,sikar,302050,office_52
52,sikar,302050,office_53
53,sikar,302050,office_54
54,sikar,302050,office_55
55,sikar,302050,office_56
56,sikar,302050,office_57
57,sikar,302050,office_58
58,sikar,302050,office_59
59,Barmer,302060,office_60
60,Barmer,302060,office_61
61,Barmer,302060,office_62
62,Barmer,302060,office_63
63,Barmer,302060,office_64
64,Barmer,302060,office_65
65,Barmer,302060,office_66
66,Barmer,302060,office_67
67,Barmer,302060,office_68
68,Barmer,302060,office_69
69,Barmer,302060,office_70
70,Barmer,302060,office_71
71,Barmer,302072,office_72
72,Barmer,302072,office_73
73,Barmer,302072,office_74
74,Barmer,302072,office_75
75,Barmer,302072,office_76
76,Barmer,302072,office_77
77,Barmer,302072,office_78
78,Barmer,302072,office_79
79,Barmer,302072,office_80
80,Barmer,302072,office_81
81,Barmer,302072,office_82
82,Barmer,302072,office_83
83,Barmer,302072,office_84
84,Barmer,302072,office_85
85,Barmer,302072,office_86
86,Barmer,302087,office_87
87,Barmer,302087,office_88
88,Barmer,302087,office_89
89,Ajmer,302090,office_90
90,Ajmer,302090,office_91
91,Ajmer,302090,office_92
92,Ajmer,302090,office_93
93,Ajmer,302090,office_94
94,Ajmer,302090,office_95
95,Ajmer,302090,office_96
96,Ajmer,302090,office_97
97,Ajmer,302090,office_98
98,Ajmer,302090,office_99
99,Ajmer,302090,office_100
100,Ajmer,302090,office_101
101,Ajmer,302090,office_102
102,Ajmer,302103,office_103
103,Ajmer,302103,office_104
104,Ajmer,302103,office_105
105,Ajmer,302103,office_106
106,Ajmer,302103,office_107
107,Ajmer,302103,office_108
108,Ajmer,302103,office_109
109,Ajmer,302103,office_110
110,Ajmer,302103,office_111
111,Ajmer,302103,office_112
112,Ajmer,302113,office_113
113,Ajmer,302113,office_114
114,Ajmer,302113,office_115
115,Ajmer,302113,office_116
116,Ajmer,302113,office_117
117,Ajmer,302113,office_118
118,Ajmer,302113,office_119
119,Jodhpur,302120,office_120
120,Jodhpur,302120,office_121
121,Jodhpur,302120,office_122
122,Jodhpur,302120,office_123
123,Jodhpur,302120,office_124
124,Jodhpur,302120,office_125
125,Jodhpur,302120,office_126
126,Jodhpur,302120,office_127
127,Jodhpur,302120,office_128
128,Jodhpur,302120,office_129
129,Jodhpur,302120,office_130
130,Jodhpur,302120,office_131
131,Jodhpur,302120,office_132
132,Jodhpur,302133,office_133
133,Jodhpur,302133,office_134
134,Jodhpur,302133,office_135
135,Jodhpur,302133,office_136
136,Jodhpur,302133,office_137
137,Jodhpur,302133,office_138
138,Jodhpur,302133,office_139
139,Jodhpur,302133,office_140
140,Jodhpur,302133,office_141
141,Jodhpur,302133,office_142
142,Jodhpur,302133,office_143
143,Jodhpur,302144,office_144
144,Jodhpur,302144,office_145
145,Jodhpur,302144,office_146
146,Jodhpur,302144,office_147
147,Jodhpur,302144,office_148
148,Jodhpur,302144,office_149
149,Jaisalmer,302150,office_150
150,Jaisalmer,302150,office_151
151,Jaisalmer,302150,office_152
152,Jaisalmer,302150,office_153
153,Jaisalmer,302150,office_154
154,Jaisalmer,302150,office_155
155,Jaisalmer,302150,office_156
156,Jaisalmer,302150,office_157
157,Jaisalmer,302150,office_158
158,Jaisalmer,302150,office_159
159,Jaisalmer,302150,office_160
160,Jaisalmer,302161,office_161
161,Jaisalmer,302161,office_162
162,Jaisalmer,302161,office_163
163,Jaisalmer,302161,office_164
164,Jaisalmer,302161,office_165
165,Jaisalmer,302161,office_166
166,Jaisalmer,302161,office_167
167,Jaisalmer,302161,office_168
168,Jaisalmer,302161,office_169
169,Jaisalmer,302161,office_170
170,Jaisalmer,302161,office_171
171,Jaisalmer,302161,office_172
172,Jaisalmer,302161,office_173
173,Jaisalmer,302174,office_174
174,Jaisalmer,302174,office_175
175,Jaisalmer,302174,office_176
176,Jaisalmer,302174,office_177
177,Jaisalmer,302174,office_178
178,Jaisalmer,302174,office_179
179,Nagor,302180,office_180
180,Nagor,302180,office_181
181,Nagor,302180,office_182
182,Nagor,302180,office_183
183,Nagor,302180,office_184
184,Nagor,302180,office_185
185,Nagor,302180,office_186
186,Nagor,302180,office_187
187,Nagor,302180,office_188
188,Nagor,302180,office_189
189,Nagor,302180,office_190
190,Nagor,302180,office_191
191,Nagor,302180,office_192
192,Nagor,302180,office_193
193,Nagor,302194,office_194
194,Nagor,302194,office_195
195,Nagor,302194,office_196
196,Nagor,302194,office_197
197,Nagor,302194,office_198
198,Nagor,302194,office_199
199,Nagor,302194,office_200
200,Nagor,302194,office_201
201,Nagor,302194,office_202
202,Nagor,302194,office_203
203,Nagor,302204,office_204
204,Nagor,302204,office_205
205,Nagor,302204,office_206
206,Nagor,302204,office_207
207,Nagor,302204,office_208
208,Nagor,302204,office_209
209,Udaipur,302210,office_210
210,Udaipur,302210,office_211
211,Udaipur,302210,office_212
212,Udaipur,302210,office_213
213,Udaipur,302210,office_214
214,Udaipur,302210,office_215
215,Udaipur,302210,office_216
216,Udaipur,302210,office_217
217,Udaipur,302210,office_218
218,Udaipur,302210,office_219
219,Udaipur,302210,office_220
220,Udaipur,302210,office_221
221,Udaipur,302222,office_222
222,Udaipur,302222,office_223
223,Udaipur,302222,office_224
224,Udaipur,302222,office_225
225,Udaipur,302222,office_226
226,Udaipur,302222,office_227
227,Udaipur,302222,office_228
228,Udaipur,302222,office_229
229,Udaipur,302222,office_230
230,Udaipur,302222,office_231
231,Udaipur,302222,office_232
232,Udaipur,302222,office_233
233,Udaipur,302222,office_234
234,Udaipur,302235,office_235
235,Udaipur,302235,office_236
236,Udaipur,302235,office_237
237,Udaipur,302235,office_238
238,Udaipur,302235,office_239
239,Kota,302240,office_240
240,Kota,302240,office_241
241,Kota,302240,office_242
242,Kota,302240,office_243
243,Kota,302240,office_244
244,Kota,302240,office_245
245,Kota,302240,office_246
246,Kota,302240,office_247
247,Kota,302240,office_248
248,Kota,302240,office_249
249,Kota,302240,office_250
250,Kota,302251,office_251
251,Kota,302251,office_252
252,Kota,302251,office_253
253,Kota,302251,office_254
254,Kota,302251,office_255
255,Kota,302251,office_256
256,Kota,302251,office_257
257,Kota,302251,office_258
258,Kota,302251,office_259
259,Kota,302251,office_260
260,Kota,302251,office_261
261,Kota,302262,office_262
262,Kota,302262,office_263
263,Kota,302262,office_264
264,Kota,302262,office_265
265,Kota,302262,office_266
266,Kota,302262,office_267
267,Kota,302262,office_268
268,Kota,302262,office_269
269,Mewar,302270,office_270
270,Mewar,302270,office_271
271,Mewar,302270,office_272
272,Mewar,302270,office_273
273,Mewar,302270,office_274
274,Mewar,302270,office_275
275,Mewar,302270,office_276
276,Mewar,302270,office_277
277,Mewar,302270,office_278
278,Mewar,302270,office_279
279,Mewar,302270,office_280
280,Mewar,302270,office_281
281,Mewar,302270,office_282
282,Mewar,302270,office_283
283,Mewar,302284,office_284
284,Mewar,302284,office_285
285,Mewar,302284,office_286
286,Mewar,302284,office_287
287,Mewar,302284,office_288
288,Mewar,302284,office_289
289,Mewar,302284,office_290
290,Mewar,302284,office_291
291,Mewar,302284,office_292
292,Mewar,302284,office_293
293,Mewar,302284,office_294
294,Mewar,302295,office_295
295,Mewar,302295,office_296
296,Mewar,302295,office_297
297,Mewar,302295,office_298
298,Mewar,302295,office_299
299,Mewar,302295,office_300
